{
    "camera": {
        "extrinsic": [
            [
                -1.0,
                0.0,
                0.0,
                0.0
            ],
            [
                0.0,
                -1.0,
                0.0,
                0.0
            ],
            [
                0.0,
                0.0,
                -1.0,
                0.8
            ],
            [
                0.0,
                0.0,
                0.0,
                1.0
            ]
        ],
        "intrinsic": {
            "width": 1920,
            "height": 1080,
            "fx": 935.307436087194,
            "fy": 935.307436087194,
            "cx": 959.5,
            "cy": 539.5,
            "intrinsic_matrix": [
                [
                    935.307436087194,
                    0.0,
                    959.5
                ],
                [
                    0.0,
                    935.307436087194,
                    539.5
                ],
                [
                    0.0,
                    0.0,
                    1.0
                ]
            ]
        }
    },
    "vertices": [
        [
            [
                -0.5218434929847717,
                0.35676297545433044
            ]
        ],
        [
            [
                0.4362247586250305,
                0.36615532636642456
            ]
        ],
        [
            [
                0.4618438482284546,
                -0.4565029442310333
            ]
        ],
        [
            [
                -0.5375609397888184,
                -0.4598354995250702
            ]
        ]
    ]
}