{
    "camera": {
        "extrinsic": [
            [
                1.0,
                0.0,
                0.0,
                0.03777360018751525
            ],
            [
                -0.0,
                -1.0,
                -0.0,
                0.0074896122114004515
            ],
            [
                -0.0,
                -0.0,
                -1.0,
                0.9023693128733252
            ],
            [
                0.0,
                0.0,
                0.0,
                1.0
            ]
        ],
        "intrinsic": {
            "width": 1242,
            "height": 822,
            "fx": 711.8728819108087,
            "fy": 711.8728819108087,
            "cx": 620.5,
            "cy": 410.5,
            "intrinsic_matrix": [
                [
                    711.8728819108087,
                    0.0,
                    620.5
                ],
                [
                    0.0,
                    711.8728819108087,
                    410.5
                ],
                [
                    0.0,
                    0.0,
                    1.0
                ]
            ]
        }
    },
    "vertices": [
        [
            [
                0.461700439453125,
                -0.45669275522232056
            ]
        ],
        [
            [
                -0.5396929979324341,
                -0.4580613672733307
            ]
        ],
        [
            [
                -0.5212900042533875,
                0.35700321197509766
            ]
        ],
        [
            [
                0.43428346514701843,
                0.36788055300712585
            ]
        ]
    ]
}